Commit Hash,Commit Message,Author,Modified File,Change Type,Commit Date
7d48592dd283b3bbbf2949cd84b70671e6c3fe0e,Initial commit,Andrei Constantin,LICENSE,ADD,2024-11-12 20:41:40+00:00
7d48592dd283b3bbbf2949cd84b70671e6c3fe0e,Initial commit,Andrei Constantin,,,2024-11-12 20:41:40+00:00
f0df8153c42d888cc9b3130424f788f5e86879d4,Create README.md,Andrei Constantin,README.md,ADD,2024-11-12 20:42:32+00:00
f0df8153c42d888cc9b3130424f788f5e86879d4,Create README.md,Andrei Constantin,,,2024-11-12 20:42:32+00:00
a0b2b1243d17dc46f0b30593c40b034e9bf7d33f,Update README.md,Andrei Constantin,README.md,MODIFY,2024-11-12 20:42:43+00:00
a0b2b1243d17dc46f0b30593c40b034e9bf7d33f,Update README.md,Andrei Constantin,,,2024-11-12 20:42:43+00:00
6cad037b2c804cd8260e17ff3946e00046f48d74,Added txt file with link to shared google doc,malmousawi,google_doc_link.txt,ADD,2024-12-02 17:24:43+00:00
6cad037b2c804cd8260e17ff3946e00046f48d74,Added txt file with link to shared google doc,malmousawi,,,2024-12-02 17:24:43+00:00
4a9e9742a25d2c547f29146f3abbcc7bb9ef5f08,Create test.py,Nishil Amin,test.py,ADD,2024-12-05 13:51:53+00:00
4a9e9742a25d2c547f29146f3abbcc7bb9ef5f08,Create test.py,Nishil Amin,,,2024-12-05 13:51:53+00:00
b16cf5e354613dc4d1b5aab30558a62760abb1b4,"Update test.py

First testing of pydriller",abhaya-ghimire11,test.py,MODIFY,2024-12-05 14:00:14+00:00
b16cf5e354613dc4d1b5aab30558a62760abb1b4,"Update test.py

First testing of pydriller",abhaya-ghimire11,,,2024-12-05 14:00:14+00:00
eccc054a548b525fa8ad1f060703699fd7d09724,Update test.py,abhaya-ghimire11,test.py,MODIFY,2024-12-05 14:01:31+00:00
eccc054a548b525fa8ad1f060703699fd7d09724,Update test.py,abhaya-ghimire11,,,2024-12-05 14:01:31+00:00
